{"files": [{"path": "javascript/htmlapi/canvas.md", "rname": "canvas.md", "mtime": 1450717215.0, "mode": "file", "name": "canvas.md"}, {"path": "javascript/htmlapi/elements.md", "rname": "elements.md", "mtime": 1450717215.0, "mode": "file", "name": "elements.md"}, {"path": "javascript/htmlapi/eventsource.md", "rname": "eventsource.md", "mtime": 1450717215.0, "mode": "file", "name": "eventsource.md"}, {"path": "javascript/htmlapi/file.md", "rname": "file.md", "mtime": 1450717215.0, "mode": "file", "name": "file.md"}, {"path": "javascript/htmlapi/form.md", "rname": "form.md", "mtime": 1450717215.0, "mode": "file", "name": "form.md"}, {"path": "javascript/htmlapi/fullscreen.md", "rname": "fullscreen.md", "mtime": 1450717215.0, "mode": "file", "name": "fullscreen.md"}, {"path": "javascript/htmlapi/pagevisibility.md", "rname": "pagevisibility.md", "mtime": 1450717215.0, "mode": "file", "name": "pagevisibility.md"}, {"path": "javascript/htmlapi/requestanimationframe.md", "rname": "requestanimationframe.md", "mtime": 1450717215.0, "mode": "file", "name": "requestanimationframe.md"}, {"path": "javascript/htmlapi/svg.md", "rname": "svg.md", "mtime": 1450717215.0, "mode": "file", "name": "svg.md"}, {"path": "javascript/htmlapi/webcomponents.md", "rname": "webcomponents.md", "mtime": 1450717215.0, "mode": "file", "name": "webcomponents.md"}, {"path": "javascript/htmlapi/webrtc.md", "rname": "webrtc.md", "mtime": 1450717215.0, "mode": "file", "name": "webrtc.md"}, {"path": "javascript/htmlapi/websocket.md", "rname": "websocket.md", "mtime": 1450717215.0, "mode": "file", "name": "websocket.md"}, {"path": "javascript/htmlapi/webspeech.md", "rname": "webspeech.md", "mtime": 1450717215.0, "mode": "file", "name": "webspeech.md"}, {"path": "javascript/htmlapi/webworker.md", "rname": "webworker.md", "mtime": 1450717215.0, "mode": "file", "name": "webworker.md"}], "rname": "htmlapi", "name": "htmlapi", "mode": "tree", "mtime": 1450717215.0, "path": "javascript/htmlapi"}