{"files": [{"path": "javascript/nodejs/assert.md", "rname": "assert.md", "mtime": 1450895960.0, "mode": "file", "name": "assert.md"}, {"path": "javascript/nodejs/basic.md", "rname": "basic.md", "mtime": 1450895960.0, "mode": "file", "name": "basic.md"}, {"path": "javascript/nodejs/buffer.md", "rname": "buffer.md", "mtime": 1450895960.0, "mode": "file", "name": "buffer.md"}, {"path": "javascript/nodejs/child-process.md", "rname": "child-process.md", "mtime": 1450895960.0, "mode": "file", "name": "child-process.md"}, {"path": "javascript/nodejs/cluster.md", "rname": "cluster.md", "mtime": 1450895960.0, "mode": "file", "name": "cluster.md"}, {"path": "javascript/nodejs/develop.md", "rname": "develop.md", "mtime": 1450895960.0, "mode": "file", "name": "develop.md"}, {"path": "javascript/nodejs/events.md", "rname": "events.md", "mtime": 1450895960.0, "mode": "file", "name": "events.md"}, {"path": "javascript/nodejs/express.md", "rname": "express.md", "mtime": 1450895960.0, "mode": "file", "name": "express.md"}, {"path": "javascript/nodejs/fs.md", "rname": "fs.md", "mtime": 1450895960.0, "mode": "file", "name": "fs.md"}, {"path": "javascript/nodejs/http.md", "rname": "http.md", "mtime": 1450895960.0, "mode": "file", "name": "http.md"}, {"path": "javascript/nodejs/koa.md", "rname": "koa.md", "mtime": 1450895960.0, "mode": "file", "name": "koa.md"}, {"path": "javascript/nodejs/module.md", "rname": "module.md", "mtime": 1450895960.0, "mode": "file", "name": "module.md"}, {"path": "javascript/nodejs/mongodb.md", "rname": "mongodb.md", "mtime": 1450895960.0, "mode": "file", "name": "mongodb.md"}, {"path": "javascript/nodejs/net.md", "rname": "net.md", "mtime": 1450895960.0, "mode": "file", "name": "net.md"}, {"path": "javascript/nodejs/npm.md", "rname": "npm.md", "mtime": 1450895960.0, "mode": "file", "name": "npm.md"}, {"path": "javascript/nodejs/os.md", "rname": "os.md", "mtime": 1450895960.0, "mode": "file", "name": "os.md"}, {"path": "javascript/nodejs/packagejson.md", "rname": "packagejson.md", "mtime": 1450895960.0, "mode": "file", "name": "packagejson.md"}, {"path": "javascript/nodejs/path.md", "rname": "path.md", "mtime": 1450895960.0, "mode": "file", "name": "path.md"}, {"path": "javascript/nodejs/process.md", "rname": "process.md", "mtime": 1450895960.0, "mode": "file", "name": "process.md"}, {"path": "javascript/nodejs/repl.md", "rname": "repl.md", "mtime": 1450895960.0, "mode": "file", "name": "repl.md"}, {"path": "javascript/nodejs/stream.md", "rname": "stream.md", "mtime": 1450895960.0, "mode": "file", "name": "stream.md"}, {"path": "javascript/nodejs/url.md", "rname": "url.md", "mtime": 1450895960.0, "mode": "file", "name": "url.md"}], "rname": "nodejs", "name": "nodejs", "mode": "tree", "mtime": 1450717215.0, "path": "javascript/nodejs"}