{"files": [{"path": "javascript/grammar/array.md", "rname": "array.md", "mtime": 1450717215.0, "mode": "file", "name": "array.md"}, {"path": "javascript/grammar/basic.md", "rname": "basic.md", "mtime": 1450717215.0, "mode": "file", "name": "basic.md"}, {"path": "javascript/grammar/conversion.md", "rname": "conversion.md", "mtime": 1450717215.0, "mode": "file", "name": "conversion.md"}, {"path": "javascript/grammar/error.md", "rname": "error.md", "mtime": 1450717215.0, "mode": "file", "name": "error.md"}, {"path": "javascript/grammar/function.md", "rname": "function.md", "mtime": 1450717215.0, "mode": "file", "name": "function.md"}, {"path": "javascript/grammar/number.md", "rname": "number.md", "mtime": 1450717215.0, "mode": "file", "name": "number.md"}, {"path": "javascript/grammar/object.md", "rname": "object.md", "mtime": 1450717215.0, "mode": "file", "name": "object.md"}, {"path": "javascript/grammar/operator.md", "rname": "operator.md", "mtime": 1450717215.0, "mode": "file", "name": "operator.md"}, {"path": "javascript/grammar/string.md", "rname": "string.md", "mtime": 1450717215.0, "mode": "file", "name": "string.md"}, {"path": "javascript/grammar/style.md", "rname": "style.md", "mtime": 1450717215.0, "mode": "file", "name": "style.md"}], "rname": "grammar", "name": "grammar", "mode": "tree", "mtime": 1450717215.0, "path": "javascript/grammar"}