{"files": [{"path": "javascript/0007-HTMLwangyediAPI/0001-HTMLwangyeyuansu.md", "rname": "0001-HTML\u7f51\u9875\u5143\u7d20.md", "mtime": 1450895960.0, "mode": "file", "name": "0001-HTMLwangyeyuansu.md"}, {"path": "javascript/0007-HTMLwangyediAPI/0002-Canvas.md", "rname": "0002-Canvas.md", "mtime": 1450895960.0, "mode": "file", "name": "0002-Canvas.md"}, {"path": "javascript/0007-HTMLwangyediAPI/0003-SVGtuxiang.md", "rname": "0003-SVG\u56fe\u50cf.md", "mtime": 1450895960.0, "mode": "file", "name": "0003-SVGtuxiang.md"}, {"path": "javascript/0007-HTMLwangyediAPI/0004-form.md", "rname": "0004-form.md", "mtime": 1450895960.0, "mode": "file", "name": "0004-form.md"}, {"path": "javascript/0007-HTMLwangyediAPI/0005-wenjianyuerjinzhishujudicaozuo.md", "rname": "0005-\u6587\u4ef6\u4e0e\u4e8c\u8fdb\u5236\u6570\u636e\u7684\u64cd\u4f5c.md", "mtime": 1450895960.0, "mode": "file", "name": "0005-wenjianyuerjinzhishujudicaozuo.md"}, {"path": "javascript/0007-HTMLwangyediAPI/0006-Web Worker.md", "rname": "0006-Web Worker.md", "mtime": 1450895960.0, "mode": "file", "name": "0006-Web Worker.md"}, {"path": "javascript/0007-HTMLwangyediAPI/0007-SSE:fuwuqifasongshijian.md", "rname": "0007-SSE:\u670d\u52a1\u5668\u53d1\u9001\u4e8b\u4ef6.md", "mtime": 1450895960.0, "mode": "file", "name": "0007-SSE:fuwuqifasongshijian.md"}, {"path": "javascript/0007-HTMLwangyediAPI/0008-Page Visiblity.md", "rname": "0008-Page Visiblity.md", "mtime": 1450895960.0, "mode": "file", "name": "0008-Page Visiblity.md"}, {"path": "javascript/0007-HTMLwangyediAPI/0009-FullScreen API:quanpingcaozuo.md", "rname": "0009-FullScreen API:\u5168\u5c4f\u64cd\u4f5c.md", "mtime": 1450895960.0, "mode": "file", "name": "0009-FullScreen API:quanpingcaozuo.md"}, {"path": "javascript/0007-HTMLwangyediAPI/0010-Web Speech.md", "rname": "0010-Web Speech.md", "mtime": 1450895960.0, "mode": "file", "name": "0010-Web Speech.md"}, {"path": "javascript/0007-HTMLwangyediAPI/0011-requestAnimationFrame.md", "rname": "0011-requestAnimationFrame.md", "mtime": 1450895960.0, "mode": "file", "name": "0011-requestAnimationFrame.md"}, {"path": "javascript/0007-HTMLwangyediAPI/0012-WebSocket.md", "rname": "0012-WebSocket.md", "mtime": 1450895960.0, "mode": "file", "name": "0012-WebSocket.md"}, {"path": "javascript/0007-HTMLwangyediAPI/0013-WebRTC.md", "rname": "0013-WebRTC.md", "mtime": 1450895960.0, "mode": "file", "name": "0013-WebRTC.md"}, {"path": "javascript/0007-HTMLwangyediAPI/0014-Web Components.md", "rname": "0014-Web Components.md", "mtime": 1450895960.0, "mode": "file", "name": "0014-Web Components.md"}], "rname": "0007-HTML\u7f51\u9875\u7684API", "name": "0007-HTMLwangyediAPI", "mode": "tree", "mtime": 1450979189.0, "path": "javascript/0007-HTMLwangyediAPI"}