{"files": [{"path": "javascript/introduction/history.md", "rname": "history.md", "mtime": 1450717215.0, "mode": "file", "name": "history.md"}, {"path": "javascript/introduction/intro.md", "rname": "intro.md", "mtime": 1450717215.0, "mode": "file", "name": "intro.md"}, {"path": "javascript/introduction/license.md", "rname": "license.md", "mtime": 1450717215.0, "mode": "file", "name": "license.md"}, {"path": "javascript/introduction/why.md", "rname": "why.md", "mtime": 1450717215.0, "mode": "file", "name": "why.md"}], "rname": "introduction", "name": "introduction", "mode": "tree", "mtime": 1450717215.0, "path": "javascript/introduction"}