{"files": [{"path": "javascript/0002-jibenyufa/0001-gaishu.md", "rname": "0001-\u6982\u8ff0.md", "mtime": 1450895960.0, "mode": "file", "name": "0001-gaishu.md"}, {"path": "javascript/0002-jibenyufa/0002-shuzhi.md", "rname": "0002-\u6570\u503c.md", "mtime": 1450895960.0, "mode": "file", "name": "0002-shuzhi.md"}, {"path": "javascript/0002-jibenyufa/0003-zifuchuan.md", "rname": "0003-\u5b57\u7b26\u4e32.md", "mtime": 1450895960.0, "mode": "file", "name": "0003-zifuchuan.md"}, {"path": "javascript/0002-jibenyufa/0004-duixiang.md", "rname": "0004-\u5bf9\u8c61.md", "mtime": 1450895960.0, "mode": "file", "name": "0004-duixiang.md"}, {"path": "javascript/0002-jibenyufa/0005-shuzu.md", "rname": "0005-\u6570\u7ec4.md", "mtime": 1450895960.0, "mode": "file", "name": "0005-shuzu.md"}, {"path": "javascript/0002-jibenyufa/0006-hanshu.md", "rname": "0006-\u51fd\u6570.md", "mtime": 1450895960.0, "mode": "file", "name": "0006-hanshu.md"}, {"path": "javascript/0002-jibenyufa/0007-yunsuanfu.md", "rname": "0007-\u8fd0\u7b97\u7b26.md", "mtime": 1450895960.0, "mode": "file", "name": "0007-yunsuanfu.md"}, {"path": "javascript/0002-jibenyufa/0008-shujuleixingzhuanhuan.md", "rname": "0008-\u6570\u636e\u7c7b\u578b\u8f6c\u6362.md", "mtime": 1450895960.0, "mode": "file", "name": "0008-shujuleixingzhuanhuan.md"}, {"path": "javascript/0002-jibenyufa/0009-cuowuchulijizhi.md", "rname": "0009-\u9519\u8bef\u5904\u7406\u673a\u5236.md", "mtime": 1450895960.0, "mode": "file", "name": "0009-cuowuchulijizhi.md"}, {"path": "javascript/0002-jibenyufa/0010-bianchengfengge.md", "rname": "0010-\u7f16\u7a0b\u98ce\u683c.md", "mtime": 1450895960.0, "mode": "file", "name": "0010-bianchengfengge.md"}], "rname": "0002-\u57fa\u672c\u8bed\u6cd5", "name": "0002-jibenyufa", "mode": "tree", "mtime": 1450970851.0, "path": "javascript/0002-jibenyufa"}