{"files": [{"path": "javascript/0009-JavaScriptgaojiyufa/0001-Promise.md", "rname": "0001-Promise.md", "mtime": 1450895960.0, "mode": "file", "name": "0001-Promise.md"}, {"path": "javascript/0009-JavaScriptgaojiyufa/0002-youxianzhuangtaiji.md", "rname": "0002-\u6709\u9650\u72b6\u6001\u673a.md", "mtime": 1450895960.0, "mode": "file", "name": "0002-youxianzhuangtaiji.md"}, {"path": "javascript/0009-JavaScriptgaojiyufa/0003-MVCmoshiheBackbone.js.md", "rname": "0003-MVC\u6a21\u5f0f\u548cBackbone.js.md", "mtime": 1450895960.0, "mode": "file", "name": "0003-MVCmoshiheBackbone.js.md"}, {"path": "javascript/0009-JavaScriptgaojiyufa/0004-yangemoshi.md", "rname": "0004-\u4e25\u683c\u6a21\u5f0f.md", "mtime": 1450895960.0, "mode": "file", "name": "0004-yangemoshi.md"}, {"path": "javascript/0009-JavaScriptgaojiyufa/ecmascript6.md", "rname": "ecmascript6.md", "mtime": 1450895960.0, "mode": "file", "name": "ecmascript6.md"}, {"path": "javascript/0009-JavaScriptgaojiyufa/interpreter.md", "rname": "interpreter.md", "mtime": 1450895960.0, "mode": "file", "name": "interpreter.md"}], "rname": "0009-JavaScript\u9ad8\u7ea7\u8bed\u6cd5", "name": "0009-JavaScriptgaojiyufa", "mode": "tree", "mtime": 1450979873.0, "path": "javascript/0009-JavaScriptgaojiyufa"}