{"files": [{"path": "javascript/bom/ajax.md", "rname": "ajax.md", "mtime": 1450717215.0, "mode": "file", "name": "ajax.md"}, {"path": "javascript/bom/engine.md", "rname": "engine.md", "mtime": 1450717215.0, "mode": "file", "name": "engine.md"}, {"path": "javascript/bom/history.md", "rname": "history.md", "mtime": 1450717215.0, "mode": "file", "name": "history.md"}, {"path": "javascript/bom/indexeddb.md", "rname": "indexeddb.md", "mtime": 1450717215.0, "mode": "file", "name": "indexeddb.md"}, {"path": "javascript/bom/mobile.md", "rname": "mobile.md", "mtime": 1450717215.0, "mode": "file", "name": "mobile.md"}, {"path": "javascript/bom/notification.md", "rname": "notification.md", "mtime": 1450717215.0, "mode": "file", "name": "notification.md"}, {"path": "javascript/bom/performance.md", "rname": "performance.md", "mtime": 1450717215.0, "mode": "file", "name": "performance.md"}, {"path": "javascript/bom/timer.md", "rname": "timer.md", "mtime": 1450717215.0, "mode": "file", "name": "timer.md"}, {"path": "javascript/bom/webstorage.md", "rname": "webstorage.md", "mtime": 1450717215.0, "mode": "file", "name": "webstorage.md"}, {"path": "javascript/bom/window.md", "rname": "window.md", "mtime": 1450717215.0, "mode": "file", "name": "window.md"}, {"path": "javascript/bom/windowpostmessage.md", "rname": "windowpostmessage.md", "mtime": 1450717215.0, "mode": "file", "name": "windowpostmessage.md"}], "rname": "bom", "name": "bom", "mode": "tree", "mtime": 1450717215.0, "path": "javascript/bom"}