{"files": [{"path": "javascript/0012-library/d3.md", "rname": "d3.md", "mtime": 1450895960.0, "mode": "file", "name": "d3.md"}, {"path": "javascript/0012-library/datejs.md", "rname": "datejs.md", "mtime": 1450895960.0, "mode": "file", "name": "datejs.md"}, {"path": "javascript/0012-library/designpattern.md", "rname": "designpattern.md", "mtime": 1450895960.0, "mode": "file", "name": "designpattern.md"}, {"path": "javascript/0012-library/modernizr.md", "rname": "modernizr.md", "mtime": 1450895960.0, "mode": "file", "name": "modernizr.md"}, {"path": "javascript/0012-library/sorting.md", "rname": "sorting.md", "mtime": 1450895960.0, "mode": "file", "name": "sorting.md"}, {"path": "javascript/0012-library/underscore.md", "rname": "underscore.md", "mtime": 1450895960.0, "mode": "file", "name": "underscore.md"}], "rname": "0012-library", "name": "0012-library", "mode": "tree", "mtime": 1450717215.0, "path": "javascript/0012-library"}