{"files": [{"path": "javascript/stdlib/array.md", "rname": "array.md", "mtime": 1450717215.0, "mode": "file", "name": "array.md"}, {"path": "javascript/stdlib/arraybuffer.md", "rname": "arraybuffer.md", "mtime": 1450717215.0, "mode": "file", "name": "arraybuffer.md"}, {"path": "javascript/stdlib/date.md", "rname": "date.md", "mtime": 1450717215.0, "mode": "file", "name": "date.md"}, {"path": "javascript/stdlib/json.md", "rname": "json.md", "mtime": 1450717215.0, "mode": "file", "name": "json.md"}, {"path": "javascript/stdlib/math.md", "rname": "math.md", "mtime": 1450717215.0, "mode": "file", "name": "math.md"}, {"path": "javascript/stdlib/number.md", "rname": "number.md", "mtime": 1450717215.0, "mode": "file", "name": "number.md"}, {"path": "javascript/stdlib/object.md", "rname": "object.md", "mtime": 1450717215.0, "mode": "file", "name": "object.md"}, {"path": "javascript/stdlib/regexp.md", "rname": "regexp.md", "mtime": 1450717215.0, "mode": "file", "name": "regexp.md"}, {"path": "javascript/stdlib/string.md", "rname": "string.md", "mtime": 1450717215.0, "mode": "file", "name": "string.md"}, {"path": "javascript/stdlib/wrapper.md", "rname": "wrapper.md", "mtime": 1450717215.0, "mode": "file", "name": "wrapper.md"}], "rname": "stdlib", "name": "stdlib", "mode": "tree", "mtime": 1450717215.0, "path": "javascript/stdlib"}