{"files": [{"path": "javascript/jquery/basic.md", "rname": "basic.md", "mtime": 1450717215.0, "mode": "file", "name": "basic.md"}, {"path": "javascript/jquery/deferred.md", "rname": "deferred.md", "mtime": 1450717215.0, "mode": "file", "name": "deferred.md"}, {"path": "javascript/jquery/jquery-free.md", "rname": "jquery-free.md", "mtime": 1450717215.0, "mode": "file", "name": "jquery-free.md"}, {"path": "javascript/jquery/plugin.md", "rname": "plugin.md", "mtime": 1450717215.0, "mode": "file", "name": "plugin.md"}, {"path": "javascript/jquery/utility.md", "rname": "utility.md", "mtime": 1450717215.0, "mode": "file", "name": "utility.md"}], "rname": "jquery", "name": "jquery", "mode": "tree", "mtime": 1450717215.0, "path": "javascript/jquery"}