{"files": [{"path": "javascript/0005-DOM/0001-Nodejiedian.md", "rname": "0001-Node\u8282\u70b9.md", "mtime": 1450895960.0, "mode": "file", "name": "0001-Nodejiedian.md"}, {"path": "javascript/0005-DOM/0002-Documentjiedian.md", "rname": "0002-Document\u8282\u70b9.md", "mtime": 1450895960.0, "mode": "file", "name": "0002-Documentjiedian.md"}, {"path": "javascript/0005-DOM/0003-Elementjiedian.md", "rname": "0003-Element\u8282\u70b9.md", "mtime": 1450895960.0, "mode": "file", "name": "0003-Elementjiedian.md"}, {"path": "javascript/0005-DOM/0004-TextjiedianheDocumentFragmentjiedian.md", "rname": "0004-Text\u8282\u70b9\u548cDocumentFragment\u8282\u70b9.md", "mtime": 1450895960.0, "mode": "file", "name": "0004-TextjiedianheDocumentFragmentjiedian.md"}, {"path": "javascript/0005-DOM/0005-Eventduixiang.md", "rname": "0005-Event\u5bf9\u8c61.md", "mtime": 1450895960.0, "mode": "file", "name": "0005-Eventduixiang.md"}, {"path": "javascript/0005-DOM/0006-CSScaozuo.md", "rname": "0006-CSS\u64cd\u4f5c.md", "mtime": 1450895960.0, "mode": "file", "name": "0006-CSScaozuo.md"}, {"path": "javascript/0005-DOM/0007-Mutation Observer.md", "rname": "0007-Mutation Observer.md", "mtime": 1450895960.0, "mode": "file", "name": "0007-Mutation Observer.md"}], "rname": "0005-DOM", "name": "0005-DOM", "mode": "tree", "mtime": 1450971741.0, "path": "javascript/0005-DOM"}