{"files": [{"path": "javascript/0001-daolunyulishi/JavaScriptdilishi.md", "rname": "JavaScript\u7684\u5386\u53f2.md", "mtime": 1450895960.0, "mode": "file", "name": "JavaScriptdilishi.md"}, {"path": "javascript/0001-daolunyulishi/license.md", "rname": "license.md", "mtime": 1450895960.0, "mode": "file", "name": "license.md"}, {"path": "javascript/0001-daolunyulishi/why.md", "rname": "why.md", "mtime": 1450895960.0, "mode": "file", "name": "why.md"}, {"path": "javascript/0001-daolunyulishi/daolun.md", "rname": "\u5bfc\u8bba.md", "mtime": 1450895960.0, "mode": "file", "name": "daolun.md"}], "rname": "0001-\u5bfc\u8bba\u4e0e\u5386\u53f2", "name": "0001-daolunyulishi", "mode": "tree", "mtime": 1450970660.0, "path": "javascript/0001-daolunyulishi"}