{"files": [{"path": "javascript/tool/bower.md", "rname": "bower.md", "mtime": 1450895960.0, "mode": "file", "name": "bower.md"}, {"path": "javascript/tool/browserify.md", "rname": "browserify.md", "mtime": 1450895960.0, "mode": "file", "name": "browserify.md"}, {"path": "javascript/tool/console.md", "rname": "console.md", "mtime": 1450895960.0, "mode": "file", "name": "console.md"}, {"path": "javascript/tool/grunt.md", "rname": "grunt.md", "mtime": 1450895960.0, "mode": "file", "name": "grunt.md"}, {"path": "javascript/tool/gulp.md", "rname": "gulp.md", "mtime": 1450895960.0, "mode": "file", "name": "gulp.md"}, {"path": "javascript/tool/lint.md", "rname": "lint.md", "mtime": 1450895960.0, "mode": "file", "name": "lint.md"}, {"path": "javascript/tool/phantomjs.md", "rname": "phantomjs.md", "mtime": 1450895960.0, "mode": "file", "name": "phantomjs.md"}, {"path": "javascript/tool/requirejs.md", "rname": "requirejs.md", "mtime": 1450895960.0, "mode": "file", "name": "requirejs.md"}, {"path": "javascript/tool/sourcemap.md", "rname": "sourcemap.md", "mtime": 1450895960.0, "mode": "file", "name": "sourcemap.md"}, {"path": "javascript/tool/testing.md", "rname": "testing.md", "mtime": 1450895960.0, "mode": "file", "name": "testing.md"}], "rname": "tool", "name": "tool", "mode": "tree", "mtime": 1450717215.0, "path": "javascript/tool"}