{"files": [{"path": "javascript/0004-mianxiangduixiangbiancheng/0001-fengzhuang.md", "rname": "0001-\u5c01\u88c5.md", "mtime": 1450895960.0, "mode": "file", "name": "0001-fengzhuang.md"}, {"path": "javascript/0004-mianxiangduixiangbiancheng/0002-gaishu.md", "rname": "0002-\u6982\u8ff0.md", "mtime": 1450895960.0, "mode": "file", "name": "0002-gaishu.md"}, {"path": "javascript/0004-mianxiangduixiangbiancheng/0003-jicheng.md", "rname": "0003-\u7ee7\u627f.md", "mtime": 1450895960.0, "mode": "file", "name": "0003-jicheng.md"}, {"path": "javascript/0004-mianxiangduixiangbiancheng/0004-mokuaihuabiancheng.md", "rname": "0004-\u6a21\u5757\u5316\u7f16\u7a0b.md", "mtime": 1450895960.0, "mode": "file", "name": "0004-mokuaihuabiancheng.md"}], "rname": "0004-\u9762\u5411\u5bf9\u8c61\u7f16\u7a0b", "name": "0004-mianxiangduixiangbiancheng", "mode": "tree", "mtime": 1450971352.0, "path": "javascript/0004-mianxiangduixiangbiancheng"}