{"files": [{"path": "javascript/advanced/backbonejs.md", "rname": "backbonejs.md", "mtime": 1450717215.0, "mode": "file", "name": "backbonejs.md"}, {"path": "javascript/advanced/ecmascript6.md", "rname": "ecmascript6.md", "mtime": 1450717215.0, "mode": "file", "name": "ecmascript6.md"}, {"path": "javascript/advanced/fsm.md", "rname": "fsm.md", "mtime": 1450717215.0, "mode": "file", "name": "fsm.md"}, {"path": "javascript/advanced/interpreter.md", "rname": "interpreter.md", "mtime": 1450717215.0, "mode": "file", "name": "interpreter.md"}, {"path": "javascript/advanced/promise.md", "rname": "promise.md", "mtime": 1450717215.0, "mode": "file", "name": "promise.md"}, {"path": "javascript/advanced/strict.md", "rname": "strict.md", "mtime": 1450717215.0, "mode": "file", "name": "strict.md"}], "rname": "advanced", "name": "advanced", "mode": "tree", "mtime": 1450717215.0, "path": "javascript/advanced"}