{"files": [{"path": "javascript/fonts/general_enclosed_foundicons.eot", "rname": "general_enclosed_foundicons.eot", "mtime": 1450717215.0, "mode": "file", "name": "general_enclosed_foundicons.eot"}, {"path": "javascript/fonts/general_enclosed_foundicons.svg", "rname": "general_enclosed_foundicons.svg", "mtime": 1450717215.0, "mode": "file", "name": "general_enclosed_foundicons.svg"}, {"path": "javascript/fonts/general_enclosed_foundicons.ttf", "rname": "general_enclosed_foundicons.ttf", "mtime": 1450717215.0, "mode": "file", "name": "general_enclosed_foundicons.ttf"}, {"path": "javascript/fonts/general_enclosed_foundicons.woff", "rname": "general_enclosed_foundicons.woff", "mtime": 1450717215.0, "mode": "file", "name": "general_enclosed_foundicons.woff"}], "rname": "fonts", "name": "fonts", "mode": "tree", "mtime": 1450806967.0, "path": "javascript/fonts"}