{"files": [{"path": "javascript/0003-biaozhunku/0001-Objectduixiang.md", "rname": "0001-Object\u5bf9\u8c61.md", "mtime": 1450895960.0, "mode": "file", "name": "0001-Objectduixiang.md"}, {"path": "javascript/0003-biaozhunku/0002-Arrayduixiang.md", "rname": "0002-Array\u5bf9\u8c61.md", "mtime": 1450895960.0, "mode": "file", "name": "0002-Arrayduixiang.md"}, {"path": "javascript/0003-biaozhunku/0003-baozhuangduixiangheBooleanduixiang.md", "rname": "0003-\u5305\u88c5\u5bf9\u8c61\u548cBoolean\u5bf9\u8c61.md", "mtime": 1450895960.0, "mode": "file", "name": "0003-baozhuangduixiangheBooleanduixiang.md"}, {"path": "javascript/0003-biaozhunku/0004-Numberduixiang.md", "rname": "0004-Number\u5bf9\u8c61.md", "mtime": 1450895960.0, "mode": "file", "name": "0004-Numberduixiang.md"}, {"path": "javascript/0003-biaozhunku/0005-Stringduixiang.md", "rname": "0005-String\u5bf9\u8c61.md", "mtime": 1450895960.0, "mode": "file", "name": "0005-Stringduixiang.md"}, {"path": "javascript/0003-biaozhunku/0006-Mathduixiang.md", "rname": "0006-Math\u5bf9\u8c61.md", "mtime": 1450895960.0, "mode": "file", "name": "0006-Mathduixiang.md"}, {"path": "javascript/0003-biaozhunku/0007-Dateduixiang.md", "rname": "0007-Date\u5bf9\u8c61.md", "mtime": 1450895960.0, "mode": "file", "name": "0007-Dateduixiang.md"}, {"path": "javascript/0003-biaozhunku/0008-RegExpduixiang.md", "rname": "0008-RegExp\u5bf9\u8c61.md", "mtime": 1450895960.0, "mode": "file", "name": "0008-RegExpduixiang.md"}, {"path": "javascript/0003-biaozhunku/0009-RegExpduixiang.md", "rname": "0009-RegExp\u5bf9\u8c61.md", "mtime": 1450895960.0, "mode": "file", "name": "0009-RegExpduixiang.md"}, {"path": "javascript/0003-biaozhunku/0010-JSONduixiang.md", "rname": "0010-JSON\u5bf9\u8c61.md", "mtime": 1450895960.0, "mode": "file", "name": "0010-JSONduixiang.md"}], "rname": "0003-\u6807\u51c6\u5e93", "name": "0003-biaozhunku", "mode": "tree", "mtime": 1450971246.0, "path": "javascript/0003-biaozhunku"}