{"files": [{"path": "javascript/oop/basic.md", "rname": "basic.md", "mtime": 1450717215.0, "mode": "file", "name": "basic.md"}, {"path": "javascript/oop/encapsulation.md", "rname": "encapsulation.md", "mtime": 1450717215.0, "mode": "file", "name": "encapsulation.md"}, {"path": "javascript/oop/inheritance.md", "rname": "inheritance.md", "mtime": 1450717215.0, "mode": "file", "name": "inheritance.md"}, {"path": "javascript/oop/module.md", "rname": "module.md", "mtime": 1450717215.0, "mode": "file", "name": "module.md"}], "rname": "oop", "name": "oop", "mode": "tree", "mtime": 1450717215.0, "path": "javascript/oop"}