{"files": [{"path": "javascript/dom/css.md", "rname": "css.md", "mtime": 1450895960.0, "mode": "file", "name": "css.md"}, {"path": "javascript/dom/document.md", "rname": "document.md", "mtime": 1450895960.0, "mode": "file", "name": "document.md"}, {"path": "javascript/dom/element.md", "rname": "element.md", "mtime": 1450895960.0, "mode": "file", "name": "element.md"}, {"path": "javascript/dom/event.md", "rname": "event.md", "mtime": 1450895960.0, "mode": "file", "name": "event.md"}, {"path": "javascript/dom/mutationobserver.md", "rname": "mutationobserver.md", "mtime": 1450895960.0, "mode": "file", "name": "mutationobserver.md"}, {"path": "javascript/dom/node.md", "rname": "node.md", "mtime": 1450895960.0, "mode": "file", "name": "node.md"}, {"path": "javascript/dom/text.md", "rname": "text.md", "mtime": 1450895960.0, "mode": "file", "name": "text.md"}], "rname": "dom", "name": "dom", "mode": "tree", "mtime": 1450717215.0, "path": "javascript/dom"}