{"files": [{"path": "javascript/0011-jquery/0001-gaishu.md", "rname": "0001-\u6982\u8ff0.md", "mtime": 1450895960.0, "mode": "file", "name": "0001-gaishu.md"}, {"path": "javascript/0011-jquery/0002-gongjufangfa.md", "rname": "0002-\u5de5\u5177\u65b9\u6cd5.md", "mtime": 1450895960.0, "mode": "file", "name": "0002-gongjufangfa.md"}, {"path": "javascript/0011-jquery/0003-chajiankaifa.md", "rname": "0003-\u63d2\u4ef6\u5f00\u53d1.md", "mtime": 1450895960.0, "mode": "file", "name": "0003-chajiankaifa.md"}, {"path": "javascript/0011-jquery/0004-deferredduixiang.md", "rname": "0004-deferred\u5bf9\u8c61.md", "mtime": 1450895960.0, "mode": "file", "name": "0004-deferredduixiang.md"}, {"path": "javascript/0011-jquery/0005-ruhezuodaojQuery-free.md", "rname": "0005-\u5982\u4f55\u505a\u5230jQuery-free.md", "mtime": 1450895960.0, "mode": "file", "name": "0005-ruhezuodaojQuery-free.md"}], "rname": "0011-jquery", "name": "0011-jquery", "mode": "tree", "mtime": 1450979978.0, "path": "javascript/0011-jquery"}