{"files": [{"path": "javascript/0010-nodejs/0001-gaishu.md", "rname": "0001-\u6982\u8ff0.md", "mtime": 1450895960.0, "mode": "file", "name": "0001-gaishu.md"}, {"path": "javascript/0010-nodejs/0002-Module.md", "rname": "0002-Module.md", "mtime": 1450980024.0, "mode": "file", "name": "0002-Module.md"}, {"path": "javascript/0010-nodejs/0003-package.jsonwenjian.md", "rname": "0003-package.json\u6587\u4ef6.md", "mtime": 1450895960.0, "mode": "file", "name": "0003-package.jsonwenjian.md"}, {"path": "javascript/0010-nodejs/0004-npmmokuaiguanliqi.md", "rname": "0004-npm\u6a21\u5757\u7ba1\u7406\u5668.md", "mtime": 1450895960.0, "mode": "file", "name": "0004-npmmokuaiguanliqi.md"}, {"path": "javascript/0010-nodejs/0005-fsmokuai.md", "rname": "0005-fs\u6a21\u5757.md", "mtime": 1450895960.0, "mode": "file", "name": "0005-fsmokuai.md"}, {"path": "javascript/0010-nodejs/0006-pathmokuai.md", "rname": "0006-path\u6a21\u5757.md", "mtime": 1450895960.0, "mode": "file", "name": "0006-pathmokuai.md"}, {"path": "javascript/0010-nodejs/0007-processduixiang.md", "rname": "0007-process\u5bf9\u8c61.md", "mtime": 1450895960.0, "mode": "file", "name": "0007-processduixiang.md"}, {"path": "javascript/0010-nodejs/0008-Bufferduixiang.md", "rname": "0008-Buffer\u5bf9\u8c61.md", "mtime": 1450895960.0, "mode": "file", "name": "0008-Bufferduixiang.md"}, {"path": "javascript/0010-nodejs/0009-Eventsmokuai.md", "rname": "0009-Events\u6a21\u5757.md", "mtime": 1450895960.0, "mode": "file", "name": "0009-Eventsmokuai.md"}, {"path": "javascript/0010-nodejs/0010-Streamjiekou.md", "rname": "0010-Stream\u63a5\u53e3.md", "mtime": 1450895960.0, "mode": "file", "name": "0010-Streamjiekou.md"}, {"path": "javascript/0010-nodejs/0011-Child Processmokuai.md", "rname": "0011-Child Process\u6a21\u5757.md", "mtime": 1450895960.0, "mode": "file", "name": "0011-Child Processmokuai.md"}, {"path": "javascript/0010-nodejs/0012-Httpmokuai.md", "rname": "0012-Http\u6a21\u5757.md", "mtime": 1450895960.0, "mode": "file", "name": "0012-Httpmokuai.md"}, {"path": "javascript/0010-nodejs/0013-assertmokuai.md", "rname": "0013-assert\u6a21\u5757.md", "mtime": 1450895960.0, "mode": "file", "name": "0013-assertmokuai.md"}, {"path": "javascript/0010-nodejs/0014-Clustermokuai.md", "rname": "0014-Cluster\u6a21\u5757.md", "mtime": 1450895960.0, "mode": "file", "name": "0014-Clustermokuai.md"}, {"path": "javascript/0010-nodejs/0015-OSmokuai.md", "rname": "0015-OS\u6a21\u5757.md", "mtime": 1450895960.0, "mode": "file", "name": "0015-OSmokuai.md"}, {"path": "javascript/0010-nodejs/0016-NetmokuaiheDNSmokuai.md", "rname": "0016-Net\u6a21\u5757\u548cDNS\u6a21\u5757.md", "mtime": 1450895960.0, "mode": "file", "name": "0016-NetmokuaiheDNSmokuai.md"}, {"path": "javascript/0010-nodejs/0017-Expresskuangjia.md", "rname": "0017-Express\u6846\u67b6.md", "mtime": 1450895960.0, "mode": "file", "name": "0017-Expresskuangjia.md"}, {"path": "javascript/0010-nodejs/0018-Koakuangjia.md", "rname": "0018-Koa\u6846\u67b6.md", "mtime": 1450895960.0, "mode": "file", "name": "0018-Koakuangjia.md"}, {"path": "javascript/0010-nodejs/0019-url.md", "rname": "0019-url.md", "mtime": 1450895960.0, "mode": "file", "name": "0019-url.md"}, {"path": "javascript/0010-nodejs/0020-.md", "rname": "0020-.md", "mtime": 1450895960.0, "mode": "file", "name": "0020-.md"}, {"path": "javascript/0010-nodejs/0021-.md", "rname": "0021-.md", "mtime": 1450895960.0, "mode": "file", "name": "0021-.md"}, {"path": "javascript/0010-nodejs/0022-develop.md", "rname": "0022-develop.md", "mtime": 1450895960.0, "mode": "file", "name": "0022-develop.md"}], "rname": "0010-nodejs", "name": "0010-nodejs", "mode": "tree", "mtime": 1450980403.0, "path": "javascript/0010-nodejs"}