{"files": [{"path": "javascript/advanced", "rname": "advanced", "mtime": 1450717215.0, "mode": "tree", "name": "advanced"}, {"path": "javascript/appendix", "rname": "appendix", "mtime": 1450717215.0, "mode": "tree", "name": "appendix"}, {"path": "javascript/bom", "rname": "bom", "mtime": 1450717215.0, "mode": "tree", "name": "bom"}, {"path": "javascript/dom", "rname": "dom", "mtime": 1450717215.0, "mode": "tree", "name": "dom"}, {"path": "javascript/fonts", "rname": "fonts", "mtime": 1450806967.0, "mode": "tree", "name": "fonts"}, {"path": "javascript/grammar", "rname": "grammar", "mtime": 1450717215.0, "mode": "tree", "name": "grammar"}, {"path": "javascript/htmlapi", "rname": "htmlapi", "mtime": 1450717215.0, "mode": "tree", "name": "htmlapi"}, {"path": "javascript/index.md", "rname": "index.md", "mtime": 1450895960.0, "mode": "file", "name": "index.md"}, {"path": "javascript/introduction", "rname": "introduction", "mtime": 1450717215.0, "mode": "tree", "name": "introduction"}, {"path": "javascript/jquery", "rname": "jquery", "mtime": 1450717215.0, "mode": "tree", "name": "jquery"}, {"path": "javascript/library", "rname": "library", "mtime": 1450717215.0, "mode": "tree", "name": "library"}, {"path": "javascript/license.md", "rname": "license.md", "mtime": 1450895960.0, "mode": "file", "name": "license.md"}, {"path": "javascript/nodejs", "rname": "nodejs", "mtime": 1450717215.0, "mode": "tree", "name": "nodejs"}, {"path": "javascript/oop", "rname": "oop", "mtime": 1450717215.0, "mode": "tree", "name": "oop"}, {"path": "javascript/README.md", "rname": "README.md", "mtime": 1450895960.0, "mode": "file", "name": "README.md"}, {"path": "javascript/stdlib", "rname": "stdlib", "mtime": 1450717215.0, "mode": "tree", "name": "stdlib"}, {"path": "javascript/tool", "rname": "tool", "mtime": 1450717215.0, "mode": "tree", "name": "tool"}], "rname": "javascript", "name": "javascript", "mode": "tree", "mtime": 1450806967.0, "path": "javascript"}