{"files": [{"path": "javascript/0001-daolunyulishi", "rname": "0001-\u5bfc\u8bba\u4e0e\u5386\u53f2", "mtime": 1450970660.0, "mode": "tree", "name": "0001-daolunyulishi"}, {"path": "javascript/0002-jibenyufa", "rname": "0002-\u57fa\u672c\u8bed\u6cd5", "mtime": 1450970851.0, "mode": "tree", "name": "0002-jibenyufa"}, {"path": "javascript/0003-biaozhunku", "rname": "0003-\u6807\u51c6\u5e93", "mtime": 1450971246.0, "mode": "tree", "name": "0003-biaozhunku"}, {"path": "javascript/0004-mianxiangduixiangbiancheng", "rname": "0004-\u9762\u5411\u5bf9\u8c61\u7f16\u7a0b", "mtime": 1450971352.0, "mode": "tree", "name": "0004-mianxiangduixiangbiancheng"}, {"path": "javascript/0005-DOM", "rname": "0005-DOM", "mtime": 1450971741.0, "mode": "tree", "name": "0005-DOM"}, {"path": "javascript/0006-liulanqiduixiang", "rname": "0006-\u6d4f\u89c8\u5668\u5bf9\u8c61", "mtime": 1450971982.0, "mode": "tree", "name": "0006-liulanqiduixiang"}, {"path": "javascript/0007-HTMLwangyediAPI", "rname": "0007-HTML\u7f51\u9875\u7684API", "mtime": 1450979189.0, "mode": "tree", "name": "0007-HTMLwangyediAPI"}, {"path": "javascript/0008-kaifagongju", "rname": "0008-\u5f00\u53d1\u5de5\u5177", "mtime": 1450979713.0, "mode": "tree", "name": "0008-kaifagongju"}, {"path": "javascript/0009-JavaScriptgaojiyufa", "rname": "0009-JavaScript\u9ad8\u7ea7\u8bed\u6cd5", "mtime": 1450979873.0, "mode": "tree", "name": "0009-JavaScriptgaojiyufa"}, {"path": "javascript/0010-nodejs", "rname": "0010-nodejs", "mtime": 1450980403.0, "mode": "tree", "name": "0010-nodejs"}, {"path": "javascript/0011-jquery", "rname": "0011-jquery", "mtime": 1450979978.0, "mode": "tree", "name": "0011-jquery"}, {"path": "javascript/0012-library", "rname": "0012-library", "mtime": 1450717215.0, "mode": "tree", "name": "0012-library"}, {"path": "javascript/license.md", "rname": "license.md", "mtime": 1450895960.0, "mode": "file", "name": "license.md"}], "rname": "javascript", "name": "javascript", "mode": "tree", "mtime": 1451633500.0, "path": "javascript"}