{"files": [{"path": "javascript/0006-liulanqiduixiang/0001-liulanqidiJavaScriptyinqing.md", "rname": "0001-\u6d4f\u89c8\u5668\u7684JavaScript\u5f15\u64ce.md", "mtime": 1450895960.0, "mode": "file", "name": "0001-liulanqidiJavaScriptyinqing.md"}, {"path": "javascript/0006-liulanqiduixiang/0002-dingshiqi.md", "rname": "0002-\u5b9a\u65f6\u5668.md", "mtime": 1450895960.0, "mode": "file", "name": "0002-dingshiqi.md"}, {"path": "javascript/0006-liulanqiduixiang/0003-windowduixiang.md", "rname": "0003-window\u5bf9\u8c61.md", "mtime": 1450895960.0, "mode": "file", "name": "0003-windowduixiang.md"}, {"path": "javascript/0006-liulanqiduixiang/0004-Historyduixiang.md", "rname": "0004-History\u5bf9\u8c61.md", "mtime": 1450895960.0, "mode": "file", "name": "0004-Historyduixiang.md"}, {"path": "javascript/0006-liulanqiduixiang/0005-Ajax.md", "rname": "0005-Ajax.md", "mtime": 1450895960.0, "mode": "file", "name": "0005-Ajax.md"}, {"path": "javascript/0006-liulanqiduixiang/0006-window.postMessagefangfa.md", "rname": "0006-window.postMessage\u65b9\u6cd5.md", "mtime": 1450895960.0, "mode": "file", "name": "0006-window.postMessagefangfa.md"}, {"path": "javascript/0006-liulanqiduixiang/0007-Web Storage:liulanqiduanshujuchucunjizhi.md", "rname": "0007-Web Storage:\u6d4f\u89c8\u5668\u7aef\u6570\u636e\u50a8\u5b58\u673a\u5236.md", "mtime": 1450895960.0, "mode": "file", "name": "0007-Web Storage:liulanqiduanshujuchucunjizhi.md"}, {"path": "javascript/0006-liulanqiduixiang/0008-IndexedDB:liulanqiduanshujuku.md", "rname": "0008-IndexedDB:\u6d4f\u89c8\u5668\u7aef\u6570\u636e\u5e93.md", "mtime": 1450895960.0, "mode": "file", "name": "0008-IndexedDB:liulanqiduanshujuku.md"}, {"path": "javascript/0006-liulanqiduixiang/0009-Web Notification API.md", "rname": "0009-Web Notification API.md", "mtime": 1450895960.0, "mode": "file", "name": "0009-Web Notification API.md"}, {"path": "javascript/0006-liulanqiduixiang/0010-Performance API.md", "rname": "0010-Performance API.md", "mtime": 1450895960.0, "mode": "file", "name": "0010-Performance API.md"}, {"path": "javascript/0006-liulanqiduixiang/0011-yidongshebeiAPI.md", "rname": "0011-\u79fb\u52a8\u8bbe\u5907API.md", "mtime": 1450895960.0, "mode": "file", "name": "0011-yidongshebeiAPI.md"}], "rname": "0006-\u6d4f\u89c8\u5668\u5bf9\u8c61", "name": "0006-liulanqiduixiang", "mode": "tree", "mtime": 1450971982.0, "path": "javascript/0006-liulanqiduixiang"}