{"files": [{"path": "javascript/0008-kaifagongju/0001-consoleduixiang.md", "rname": "0001-console\u5bf9\u8c61.md", "mtime": 1450895960.0, "mode": "file", "name": "0001-consoleduixiang.md"}, {"path": "javascript/0008-kaifagongju/0002-PhantomJS.md", "rname": "0002-PhantomJS.md", "mtime": 1450895960.0, "mode": "file", "name": "0002-PhantomJS.md"}, {"path": "javascript/0008-kaifagongju/0003-Bower.md", "rname": "0003-Bower.md", "mtime": 1450895960.0, "mode": "file", "name": "0003-Bower.md"}, {"path": "javascript/0008-kaifagongju/0004-Grunt.md", "rname": "0004-Grunt.md", "mtime": 1450895960.0, "mode": "file", "name": "0004-Grunt.md"}, {"path": "javascript/0008-kaifagongju/0005-Gulp.md", "rname": "0005-Gulp.md", "mtime": 1450895960.0, "mode": "file", "name": "0005-Gulp.md"}, {"path": "javascript/0008-kaifagongju/0006-Browserify.md", "rname": "0006-Browserify.md", "mtime": 1450895960.0, "mode": "file", "name": "0006-Browserify.md"}, {"path": "javascript/0008-kaifagongju/0007-RequireJSheAMDguifan.md", "rname": "0007-RequireJS\u548cAMD\u89c4\u8303.md", "mtime": 1450895960.0, "mode": "file", "name": "0007-RequireJSheAMDguifan.md"}, {"path": "javascript/0008-kaifagongju/0008-Source map.md", "rname": "0008-Source map.md", "mtime": 1450895960.0, "mode": "file", "name": "0008-Source map.md"}, {"path": "javascript/0008-kaifagongju/0009-Lintgongju.md", "rname": "0009-Lint\u5de5\u5177.md", "mtime": 1450895960.0, "mode": "file", "name": "0009-Lintgongju.md"}, {"path": "javascript/0008-kaifagongju/0010-JavaScriptceshi.md", "rname": "0010-JavaScript\u6d4b\u8bd5.md", "mtime": 1450895960.0, "mode": "file", "name": "0010-JavaScriptceshi.md"}], "rname": "0008-\u5f00\u53d1\u5de5\u5177", "name": "0008-kaifagongju", "mode": "tree", "mtime": 1450979713.0, "path": "javascript/0008-kaifagongju"}